{"cameraMode":{"drawMode":0,"name":"Shaded","section":"Shading Mode"},"sceneLighting":true,"audioPlay":false,"sceneViewState":{"showFog":true,"showMaterialUpdate":false,"showSkybox":true,"showFlares":true,"showImageEffects":true,"showParticleSystems":true},"in2DMode":false,"pivot":{"x":5.897951602935791,"y":1.5053046941757203,"z":2.097177505493164},"rotation":{"x":-0.0964832454919815,"y":0.862928032875061,"z":-0.18014968931674958,"w":-0.4621606469154358},"size":1.7243952751159669,"orthographic":false}