{"cameraMode":{"drawMode":0,"name":"Shaded","section":"Shading Mode"},"sceneLighting":true,"audioPlay":false,"sceneViewState":{"showFog":true,"showMaterialUpdate":false,"showSkybox":true,"showFlares":true,"showImageEffects":true,"showParticleSystems":true},"in2DMode":false,"pivot":{"x":-3.6549925804138185,"y":1.2701377868652344,"z":-3.8937807083129885},"rotation":{"x":-0.3426317572593689,"y":0.021695906296372415,"z":-0.007916955277323723,"w":-0.9391971826553345},"size":22.120033264160158,"orthographic":false}